monkey,8484e308-3e05-3b28-854a-309d01b4b3ca
mr_sigma,a61f03da-bf6e-345c-a9ef-b395b78b1045
jacksonstorm,d95ee2be-2441-36e4-b9b4-6508b52df6e4
nbaboundriley,1a71a105-1ea4-36b5-9e0f-0b719c95b387
charv12,900fd882-86a7-3a42-a020-ba61f746e93c
kp_soggybiscuit,0caee846-b8ed-3ffd-8dee-9b9f634dc9af
carters,84add459-4437-3146-98e2-0e78a88eae2c
goons_alot,49e3b7aa-7a0e-3e89-9a51-f73a640adbd1
kysonhater27,a37c02d2-ed7c-3135-b356-c67716081e97
yeegyeeg741,9b4a6c00-6be2-3037-a977-7e08859e1aba
bigtesty,640da707-dda9-35de-bcce-ab2e0cbdde09
xyzen,a991c677-62e8-3cfd-be54-20f9bef8f219
hello22,b600ab48-831a-370e-9687-ce33eb77e2a2
caiden,51e1e081-f1bd-3b19-9626-b8dcff9f2227
hello21,62226e44-b7a7-363f-9232-8bbdd548ef16
tomatopickrjavi,8e4c1784-6d90-3f0b-b478-0f1005ed40e3
1234578,918777db-765a-3557-917c-923953681788
donald_gyatt,bb79cfb5-cb46-3573-b1e9-2d510a55807b
tp_,6a99ffff-622c-38de-a842-f026f32e3b2e
goons_alots,54bb269c-1338-334a-9ad7-1c4b9dc8a9d8
jack,6e5be07a-80a3-3c5b-ad27-c6bad90af249
drew,7f2b20e3-7332-3778-80f3-57216bbe2ad9
freakbob,f21fd111-17cc-3dc8-ae10-2963b3de0dd3
nig76783,30869a35-4f39-33c1-8f3a-7b2920c434a6
jackthefarmer,459d3092-5a38-3612-a049-23fef71b3180
nle_ching,f5d3f5a7-e208-36fa-b8a7-db4462291c36
john,9c5ce314-a879-35ce-b54c-7fd3ff05419f
monkey_niga,7507358d-d930-3226-9b3c-445b4febb7ba
bolt,fe4e1a29-be4f-35e1-a6bd-214391343b87
jcron,a98cfd25-0621-3c41-bb32-e42cdf835744
yeelerviggjiggy,bfde234c-6b09-3c86-9f3d-875dc490896c
